Plot,Feb–Apr 2019,Nov 2019,Feb–Mar 2020,Nov–Dec 2020,Feb–Mar 2021,Nov–Dec 2021,May 2022,Nov–Dec 2022,Apr 2023,Nov–Dec 2023,May 2024,Nov–Dec 2024,May 2025,Nov–Dec 2025,May–Jun 2026,n
dir_05m,-,-,✓,✓,✓,✓,✓,✓,✓,✓,✓,✓,✓,✓,✓,13
dir_10m,-,-,✓,✓,✓,✓,✓,✓,✓,✓,✓,✓,✓,✓,✓,13
dir_20m,-,-,✓,✓,✓,✓,✓,✓,✓,✓,✓,✓,✓,✓,✓,13
dir_40m,-,-,✓,✓,✓,✓,✓,✓,✓,✓,-,✓,✓,✓,✓,12
dir_60m,-,-,✓,✓,✓,✓,✓,✓,✓,✓,-,✓,-,-,-,9
est_05m,-,-,✓,✓,✓,✓,✓,✓,✓,✓,✓,✓,✓,✓,✓,13
est_10m,-,-,✓,✓,✓,✓,✓,✓,✓,✓,✓,✓,✓,✓,✓,13
est_20m,-,-,✓,✓,✓,✓,✓,✓,✓,✓,✓,✓,✓,✓,✓,13
est_40m,-,-,✓,-,-,-,✓,-,✓,-,-,✓,✓,✓,✓,7
est_60m,-,-,✓,-,-,-,✓,-,✓,-,-,✓,-,-,-,4
hul_05m,-,-,✓,✓,✓,✓,✓,✓,✓,✓,✓,✓,✓,✓,✓,13
hul_10m,-,-,✓,✓,✓,✓,✓,✓,✓,✓,✓,✓,✓,✓,✓,13
hul_20m,-,-,✓,✓,✓,✓,✓,✓,✓,✓,✓,✓,✓,✓,✓,13
hul_40m,-,-,✓,-,-,-,✓,-,✓,✓,-,✓,✓,✓,✓,8
hul_60m,-,-,✓,-,-,-,✓,-,✓,✓,-,✓,-,-,-,5
kal_05m,✓,✓,✓,✓,✓,✓,✓,✓,✓,✓,✓,✓,✓,✓,✓,15
kal_10m,✓,✓,✓,✓,✓,✓,✓,✓,✓,✓,✓,✓,✓,✓,✓,15
kal_20m,✓,✓,✓,✓,✓,✓,✓,✓,✓,✓,✓,✓,✓,✓,✓,15
kal_40m,✓,✓,✓,✓,✓,✓,✓,✓,✓,✓,-,✓,✓,✓,✓,14
kal_60m,✓,✓,✓,✓,✓,✓,✓,✓,✓,✓,-,✓,-,-,-,11
sea_10m,-,✓,✓,✓,✓,✓,✓,✓,✓,✓,✓,✓,✓,✓,✓,14
sea_20m,-,✓,✓,✓,✓,✓,✓,✓,✓,✓,✓,✓,✓,✓,✓,14
sea_40m,✓,✓,✓,✓,✓,✓,✓,✓,✓,✓,-,✓,✓,✓,✓,14
sea_60m,✓,✓,✓,✓,✓,✓,✓,✓,✓,✓,-,✓,-,-,-,11
sna_05m,✓,✓,✓,✓,✓,✓,✓,✓,✓,✓,✓,✓,✓,✓,✓,15
sna_10m,✓,✓,✓,✓,✓,✓,✓,✓,✓,✓,✓,✓,✓,✓,✓,15
sna_20m,✓,✓,✓,✓,✓,✓,✓,✓,✓,✓,✓,✓,✓,✓,✓,15
sna_40m,✓,✓,✓,✓,✓,✓,✓,✓,✓,✓,-,✓,✓,✓,✓,14
sna_60m,✓,✓,✓,✓,✓,✓,✓,✓,✓,✓,-,✓,-,-,-,11
wat_05m,-,-,✓,✓,✓,✓,✓,✓,✓,✓,✓,✓,✓,✓,✓,13
wat_10m,-,-,✓,✓,✓,✓,✓,✓,✓,✓,✓,✓,✓,✓,✓,13
wat_20m,-,-,✓,✓,✓,✓,✓,✓,✓,✓,✓,✓,✓,✓,✓,13
wat_40m,-,-,✓,-,-,-,✓,-,✓,-,-,✓,✓,✓,✓,7
wat_60m,-,-,✓,-,-,-,✓,-,✓,-,-,✓,-,-,-,4
